{
  "globalDevDependencies": {
    "body-parser": "registry:dt/body-parser#0.0.0+20160317120654",
    "express": "registry:dt/express#4.0.0+20160317120654",
    "express-serve-static-core": "registry:dt/express-serve-static-core#0.0.0+20160322035842",
    "jasmine": "github:DefinitelyTyped/DefinitelyTyped/jasmine/jasmine.d.ts#26c98c8a9530c44f8c801ccc3b2057e2101187ee",
    "mime": "registry:dt/mime#0.0.0+20160316155526",
    "node": "registry:dt/node#4.0.0+20160412142033",
    "serve-static": "registry:dt/serve-static#0.0.0+20160317120654"
  },
  "globalDependencies": {
    "es6-shim": "registry:dt/es6-shim#0.31.2+20160602141504"
  },
  "dependencies": {
    "d3": "registry:npm/d3#3.0.0+20160723033700"
  }
}
