[{  
    
    "SectionId":"sec_111",
     "SectionName":"Section-IMSS",
    "Data": [
        {
            "label": "JAN",
            "month":0,
            "weightage": 100,
            "qualityImprovement": 21.05,
            "qualitytargetval": 25,
            "externalToCat": 0,
            "externalToAcsd": 0,
            "onTimeDelivery": 96.66,
            "productiveImprovement": 49,
            "productivitytargetval": 10
        },
        {
            "label": "FEB",
            "month":1,
            "weightage": 100,
            "qualityImprovement": 26.32,
            "qualitytargetval":25,
            "externalToCat": 0,
            "externalToAcsd": 0,
            "onTimeDelivery": 100.00,
            "productiveImprovement": -2,
            "productivitytargetval": 10
        },
        {
            "label": "MAR",
            "month":2,
            "weightage": 100,
            "qualityImprovement": 0.00,
            "qualitytargetval": 25,
            "externalToCat": 0,
            "externalToAcsd": 2,
            "onTimeDelivery": 100.00,
            "productiveImprovement": -12,
            "productivitytargetval": 10
        },
        {
            "label": "APR",
            "month":3,
            "weightage": 100,
            "qualityImprovement": 10.53,
            "qualitytargetval": 25,
            "externalToCat": 0,
            "externalToAcsd": 9,
            "onTimeDelivery": 100.00,
            "productiveImprovement": -37,
            "productivitytargetval": 10
        },
        {
            "label": "MAY",
            "month":4,
            "weightage": 100,
            "qualityImprovement": 12.63,
            "qualitytargetval": 25,
            "externalToCat": 0,
            "externalToAcsd": 4,
            "onTimeDelivery":100.00,
            "productiveImprovement": -63,
            "productivitytargetval": 10
        }
    ]
}]

